<?xml version="1.0" encoding="UTF-8"?>
<project-private xmlns="http://www.netbeans.org/ns/project-private/1">
    <editor-bookmarks xmlns="http://www.netbeans.org/ns/editor-bookmarks/2" lastBookmarkId="0"/>
    <open-files xmlns="http://www.netbeans.org/ns/projectui-open-files/2">
        <group>
            <file>file:/C:/Users/erick/Documents/NetBeansProjects/Tarea4.2/src/tarea4/pkg2/Tarea42.java</file>
            <file>file:/C:/Users/erick/Documents/NetBeansProjects/Tarea4.2/src/tarea4/pkg2/Nodo.java</file>
            <file>file:/C:/Users/erick/Documents/NetBeansProjects/Tarea4.2/src/tarea4/pkg2/Producto.java</file>
        </group>
    </open-files>
</project-private>
